Peptide,UniProt id,Start position,End position,Intensity 1
AAFFDTASTGKTFPGFFSPML,P02671,517.0,537.0,1.0
ADSGEGDFLAEGGGVR,P02671,20.0,35.0,4.0
AFFDTASTGK,P02671,518.0,527.0,1.6
AFFDTASTGKTFPG,P02671,518.0,531.0,0.8
AFFDTASTGKTFPGFFSPM,P02671,518.0,536.0,3.2
AFFDTASTGKTFPGFFSPML,P02671,518.0,537.0,1.6
AFFDTASTGKTFPGFFSPMLGE,P02671,518.0,539.0,1.2
AFFDTASTGKTFPGFFSPMLGEFV,P02671,518.0,541.0,4.4
ASTGKTFPGFFSPM,P02671,523.0,536.0,0.8
ASTGKTFPGFFSPMLGEFV,P02671,523.0,541.0,3.8
DFLAEGGGVR,P02671,26.0,35.0,0.8
DLGTLSGIGT,P02671,496.0,505.0,0.8
DLGTLSGIGTL,P02671,496.0,506.0,1.6
DLGTLSGIGTLDG,P02671,496.0,508.0,0.8
DLGTLSGIGTLDGF,P02671,496.0,509.0,2.4
DLGTLSGIGTLDGFR,P02671,496.0,510.0,6.0
DLVPGNF,P02671,231.0,237.0,2.4
DSGEGDFLAEGGGV,P02671,21.0,34.0,4.0
DSGEGDFLAEGGGVR,P02671,21.0,35.0,8.6
DSHSLTTNIMEI,P02671,101.0,112.0,1.6
DSHSLTTNIMEIL,P02671,101.0,113.0,1.8
DSHSLTTNIMEILR,P02671,101.0,114.0,3.8
DSHSLTTNIMEILRGDFSSANN,P02671,101.0,122.0,0.8
DSPGSGNARPNNPDWGTF,P02671,396.0,413.0,2.4
DTASTGKTFPGF,P02671,521.0,532.0,4.0
DTASTGKTFPGFF,P02671,521.0,533.0,1.6
DTASTGKTFPGFFSP,P02671,521.0,535.0,4.0
DTASTGKTFPGFFSPM,P02671,521.0,536.0,5.6
DTASTGKTFPGFFSPML,P02671,521.0,537.0,3.0
DTASTGKTFPGFFSPMLG,P02671,521.0,538.0,0.8
DTASTGKTFPGFFSPMLGE,P02671,521.0,539.0,1.6
DTASTGKTFPGFFSPMLGEF,P02671,521.0,540.0,2.0
DTASTGKTFPGFFSPMLGEFV,P02671,521.0,541.0,6.4
DTASTGKTFPGFFSPMLGEFVSETESR,P02671,521.0,547.0,0.8
EFVSETESRGSESGIFT,P02671,539.0,555.0,0.8
EFVSETESRGSESGIFTNT,P02671,539.0,557.0,1.6
EGDFLAEGGGV,P02671,24.0,34.0,1.6
EGDFLAEGGGVR,P02671,24.0,35.0,4.6
ELERPGGNEI,P02671,260.0,269.0,4.4
ELERPGGNEIT,P02671,260.0,270.0,9.0
ESSSHHPGIAEFPS,P02671,559.0,572.0,1.6
ESSSHHPGIAEFPSR,P02671,559.0,573.0,1.8
ESSSHHPGIAEFPSRG,P02671,559.0,574.0,5.4
FDTASTGKTFPG,P02671,520.0,531.0,2.4
FDTASTGKTFPGF,P02671,520.0,532.0,3.2
FDTASTGKTFPGFF,P02671,520.0,533.0,3.2
FDTASTGKTFPGFFSP,P02671,520.0,535.0,2.6
FDTASTGKTFPGFFSPM,P02671,520.0,536.0,5.6
FDTASTGKTFPGFFSPML,P02671,520.0,537.0,2.8
FDTASTGKTFPGFFSPMLGE,P02671,520.0,539.0,2.8
FDTASTGKTFPGFFSPMLGEF,P02671,520.0,540.0,0.8
FDTASTGKTFPGFFSPMLGEFV,P02671,520.0,541.0,3.6
FFDTASTGKTFPG,P02671,519.0,531.0,3.4
FFDTASTGKTFPGF,P02671,519.0,532.0,3.6
FFDTASTGKTFPGFF,P02671,519.0,533.0,1.6
FFDTASTGKTFPGFFSP,P02671,519.0,535.0,2.4
FFDTASTGKTFPGFFSPM,P02671,519.0,536.0,4.6
FFDTASTGKTFPGFFSPML,P02671,519.0,537.0,4.4
FFDTASTGKTFPGFFSPMLGE,P02671,519.0,539.0,1.2
FFDTASTGKTFPGFFSPMLGEFV,P02671,519.0,541.0,4.6
FFSPMLGEF,P02671,532.0,540.0,2.4
FFSPMLGEFV,P02671,532.0,541.0,3.6
FFSPMLGEFVSET,P02671,532.0,544.0,0.8
FFSPMLGEFVSETES,P02671,532.0,546.0,0.8
FLAEGGGVR,P02671,27.0,35.0,1.6
FPGFFSPMLGEFV,P02671,529.0,541.0,1.6
FSPMLGEFV,P02671,533.0,541.0,1.6
FVSETESRGSESGIF,P02671,540.0,554.0,0.8
FVSETESRGSESGIFTNT,P02671,540.0,557.0,2.0
GDFLAEGGGVR,P02671,25.0,35.0,5.8
GEFVSETESRGSESGIFT,P02671,538.0,555.0,0.8
GEFVSETESRGSESGIFTNT,P02671,538.0,557.0,0.8
GEGDFLAEGGGV,P02671,23.0,34.0,0.8
GEGDFLAEGGGVR,P02671,23.0,35.0,2.8
GFFSPMLGEFV,P02671,531.0,541.0,2.4
GGSTSYGTGSETESPRNPS,P02671,272.0,290.0,1.8
GIAEFPS,P02671,566.0,572.0,0.8
GIAEFPSRG,P02671,566.0,574.0,3.8
GIFTNTKE,P02671,552.0,559.0,1.0
GIFTNTKESS,P02671,552.0,561.0,1.6
GIGTLDGFR,P02671,502.0,510.0,5.8
GKTFPGFF,P02671,526.0,533.0,0.8
GKTFPGFFSPM,P02671,526.0,536.0,0.8
GKTFPGFFSPML,P02671,526.0,537.0,3.8
GKTFPGFFSPMLGEFV,P02671,526.0,541.0,1.6
GSESGIFTNTKE,P02671,548.0,559.0,2.4
GSESGIFTNTKES,P02671,548.0,560.0,0.8
GSESGIFTNTKESS,P02671,548.0,561.0,1.6
GSSGTGGTATWKPGSSGP,P02671,311.0,328.0,2.4
GSTGQWHSESGSFRPDSPGSGNA,P02671,381.0,403.0,0.8
GTLDGFR,P02671,504.0,510.0,2.4
GTLSGIGTLDGF,P02671,498.0,509.0,0.8
GTLSGIGTLDGFR,P02671,498.0,510.0,0.8
HHPGIAEF,P02671,563.0,570.0,0.8
HHPGIAEFP,P02671,563.0,571.0,0.8
HHPGIAEFPS,P02671,563.0,572.0,4.0
HHPGIAEFPSR,P02671,563.0,573.0,0.8
HHPGIAEFPSRG,P02671,563.0,574.0,7.0
HPDEAAFFDTA,P02671,513.0,523.0,0.8
HRHPDEAAFF,P02671,511.0,520.0,0.8
IAEFPSRG,P02671,567.0,574.0,0.8
IGPDGHKEVTKEVV,P02671,470.0,483.0,0.8
IGTLDGFR,P02671,503.0,510.0,3.6
KTFPGFFSPM,P02671,527.0,536.0,1.6
KTFPGFFSPMLGEFV,P02671,527.0,541.0,0.8
LERPGGNEI,P02671,261.0,269.0,2.6
LERPGGNEIT,P02671,261.0,270.0,1.6
LGEFVSETESR,P02671,537.0,547.0,1.6
LGEFVSETESRGSESGIF,P02671,537.0,554.0,2.4
LGEFVSETESRGSESGIFTNT,P02671,537.0,557.0,2.2
LGTLSGIGTLDGF,P02671,497.0,509.0,0.8
LGTLSGIGTLDGFR,P02671,497.0,510.0,3.2
MELERPGGNEI,P02671,259.0,269.0,6.6
MELERPGGNEIT,P02671,259.0,270.0,11.0
MLGEFVSETES,P02671,536.0,546.0,1.6
MLGEFVSETESR,P02671,536.0,547.0,1.6
MLGEFVSETESRGSESGIF,P02671,536.0,554.0,0.8
MLGEFVSETESRGSESGIFT,P02671,536.0,555.0,0.8
MLGEFVSETESRGSESGIFTNT,P02671,536.0,557.0,2.0
NNPDWGTFEEV,P02671,406.0,416.0,0.8
NPGSSGTGGTATWKPGSSGP,P02671,309.0,328.0,0.8
NTKESSSHHPGIAEFPSRG,P02671,556.0,574.0,0.8
PDSPGSGNARPNNPDWGTF,P02671,395.0,413.0,2.4
PDWGTFEEV,P02671,408.0,416.0,1.6
PDWGTFEEVSGNVSPGTR,P02671,408.0,425.0,0.8
PGFFSPMLGEFV,P02671,530.0,541.0,1.6
PGSPRPGSTGTWNPGSSE,P02671,349.0,366.0,0.8
PGSSGTGGTATWKPGSSGP,P02671,310.0,328.0,0.8
PGSTGTWNPGSSER,P02671,354.0,367.0,0.8
PNNPDWGTF,P02671,405.0,413.0,2.4
PNNPDWGTFEE,P02671,405.0,415.0,0.8
PNNPDWGTFEEV,P02671,405.0,416.0,2.0
PNNPDWGTFEEVSGNVSPGTR,P02671,405.0,425.0,1.0
QFTSSTSYNRGDSTF,P02671,582.0,596.0,0.8
RGSESGIFTNT,P02671,547.0,557.0,1.0
RPNNPDWGTF,P02671,404.0,413.0,0.8
SESGIFTNT,P02671,549.0,557.0,1.6
SESGIFTNTKE,P02671,549.0,559.0,2.4
SESGIFTNTKES,P02671,549.0,560.0,0.8
SESGIFTNTKESS,P02671,549.0,561.0,2.4
SESGSFRPDSPGSGNA,P02671,388.0,403.0,4.0
SETESRGSESGIFT,P02671,542.0,555.0,1.6
SETESRGSESGIFTNT,P02671,542.0,557.0,4.0
SETESRGSESGIFTNTK,P02671,542.0,558.0,2.8
SFRPDSPGSGNA,P02671,392.0,403.0,0.8
SFRPDSPGSGNARPNNPDWGTF,P02671,392.0,413.0,2.2
SGEGDFLAEGGGVR,P02671,22.0,35.0,3.2
SGIFTNTKE,P02671,551.0,559.0,1.0
SGIGTLDGF,P02671,501.0,509.0,1.8
SGIGTLDGFR,P02671,501.0,510.0,6.6
SGNARPNNPDWGTF,P02671,400.0,413.0,1.8
SGSTGQWHSESGSF,P02671,380.0,393.0,1.8
SGSTGQWHSESGSFRPDSPGSGNA,P02671,380.0,403.0,2.2
SGTGGTATWKPGSSGP,P02671,313.0,328.0,0.8
SHHPGIAEFPS,P02671,562.0,572.0,4.8
SHHPGIAEFPSRG,P02671,562.0,574.0,6.8
SLTTNIMEILR,P02671,104.0,114.0,0.8
SLTTNIMEILRGDFSSANN,P02671,104.0,122.0,0.8
SRGSESGIFTNT,P02671,546.0,557.0,0.8
SSHHPGIAEFPS,P02671,561.0,572.0,0.8
SSHHPGIAEFPSR,P02671,561.0,573.0,0.8
SSHHPGIAEFPSRG,P02671,561.0,574.0,6.2
SSSHHPGIAEFPS,P02671,560.0,572.0,1.6
SSSHHPGIAEFPSRG,P02671,560.0,574.0,6.2
STGKTFPGF,P02671,524.0,532.0,0.8
STGKTFPGFF,P02671,524.0,533.0,2.6
STGKTFPGFFSP,P02671,524.0,535.0,3.2
STGKTFPGFFSPM,P02671,524.0,536.0,3.0
STGKTFPGFFSPML,P02671,524.0,537.0,2.4
STGKTFPGFFSPMLG,P02671,524.0,538.0,2.4
STGKTFPGFFSPMLGE,P02671,524.0,539.0,1.6
STGKTFPGFFSPMLGEF,P02671,524.0,540.0,2.4
STGKTFPGFFSPMLGEFV,P02671,524.0,541.0,5.2
STGKTFPGFFSPMLGEFVSETES,P02671,524.0,546.0,1.2
STGKTFPGFFSPMLGEFVSETESR,P02671,524.0,547.0,2.4
STGQWHSESGSF,P02671,382.0,393.0,1.6
SVSGSTGQWHSESGSF,P02671,378.0,393.0,1.6
TFPGFFSPM,P02671,528.0,536.0,4.2
TFPGFFSPML,P02671,528.0,537.0,2.4
TFPGFFSPMLG,P02671,528.0,538.0,1.6
TFPGFFSPMLGE,P02671,528.0,539.0,2.4
TFPGFFSPMLGEFV,P02671,528.0,541.0,1.6
TFPGFFSPMLGEFVSETES,P02671,528.0,546.0,1.8
TFPGFFSPMLGEFVSETESR,P02671,528.0,547.0,4.4
TGKTFPGF,P02671,525.0,532.0,2.4
TGKTFPGFF,P02671,525.0,533.0,2.4
TGKTFPGFFSP,P02671,525.0,535.0,0.8
TGKTFPGFFSPM,P02671,525.0,536.0,3.2
TGKTFPGFFSPML,P02671,525.0,537.0,3.4
TGKTFPGFFSPMLG,P02671,525.0,538.0,1.6
TGKTFPGFFSPMLGEFV,P02671,525.0,541.0,2.4
TLSGIGTLD,P02671,499.0,507.0,0.8
TLSGIGTLDGF,P02671,499.0,509.0,5.2
TLSGIGTLDGFR,P02671,499.0,510.0,6.2
TVIGPDGHKE,P02671,468.0,477.0,0.8
TVIGPDGHKEV,P02671,468.0,478.0,0.8
TVIGPDGHKEVT,P02671,468.0,479.0,1.0
TVIGPDGHKEVTKEVV,P02671,468.0,483.0,1.8
WHSESGSFRPDSPGSGNA,P02671,386.0,403.0,0.8
